"project_id","account_id","account_name"
"0x059edd72cd353df5106d2b9cc5ab83a52287ac3a-0","0xb998a2520907ed1fc0f9f457b2219fb2720466cd","Snowfro"
"0x059edd72cd353df5106d2b9cc5ab83a52287ac3a-1","0xa9da6d2b707674a1cf5c3fbdee94c903b030d4e3","DCA"
"0x059edd72cd353df5106d2b9cc5ab83a52287ac3a-2","0x7d42611012fdbe366bf4a0481fc0e1abf15e245a","Jeff Davis"
"0x28f2d3805652fb5d359486dffb7d08320d403240-0","0x2bc66765dce0e3f4878d78a8cc50cfcb9563b8ec",""
"0xa7d8d9ef8d8ce8992df33d8b8cf4aebabd5bd270-10","0x1e8e749b2b578e181ca01962e9448006772b24a2","Bryan Brinkman"
"0xa7d8d9ef8d8ce8992df33d8b8cf4aebabd5bd270-100","0x457ee5f723c7606c12a7264b52e285906f91eea6","Casey REAS"
"0xa7d8d9ef8d8ce8992df33d8b8cf4aebabd5bd270-101","0xecc6043947fd65a7ba93e755d42594c7c7bc2cdb","Generative Artworks"
"0xa7d8d9ef8d8ce8992df33d8b8cf4aebabd5bd270-102","0x47144372eb383466d18fc91db9cd0396aa6c87a4","Steve Pikelny"
"0xa7d8d9ef8d8ce8992df33d8b8cf4aebabd5bd270-103","0x9eef6bcbff2b8a77869597842b09ac9d401811b5","Rich Lord"
"0xa7d8d9ef8d8ce8992df33d8b8cf4aebabd5bd270-104","0x7e6d4810ea233d7588e3675d704571e29c4bcbba","Radix"
"0xa7d8d9ef8d8ce8992df33d8b8cf4aebabd5bd270-105","0xe394104f0871b6f1fd46b2de688c3ea6f4cc84dd","Mark Cotton"
"0xa7d8d9ef8d8ce8992df33d8b8cf4aebabd5bd270-106","0x9e192409efff9300432d089e9e3a6183cc26e5c0","Julien Gachadoat"
"0xa7d8d9ef8d8ce8992df33d8b8cf4aebabd5bd270-107","0x707502591380bcfa98175486a38c15ce90e82097","Artem Verkhovskiy x Andy Shaw"
"0xa7d8d9ef8d8ce8992df33d8b8cf4aebabd5bd270-108","0xf92bb2215684c353b4009395061ee7652883c365","Michael Connolly"
"0xa7d8d9ef8d8ce8992df33d8b8cf4aebabd5bd270-109","0xd6dd6961d3224958fcd306b76a991ab974ec1ebc","Jake Rockland"
"0xa7d8d9ef8d8ce8992df33d8b8cf4aebabd5bd270-11","0x35f64560c51c8772f75186a8931929589b7c8d80","Beervangeer"
"0xa7d8d9ef8d8ce8992df33d8b8cf4aebabd5bd270-110","0xaccbee638fedfe3650be1fa3182b428483db8369","JEANVASCRIPT"
"0xa7d8d9ef8d8ce8992df33d8b8cf4aebabd5bd270-111","0x29b2f895343cadfb3f5101bef6484b1f01c83dc9","Daniel Catt"
"0xa7d8d9ef8d8ce8992df33d8b8cf4aebabd5bd270-112","0x4666fd1f89576e2d6fb3f2ecec5eefd3e1ba6b59","Shvembldr"
"0xa7d8d9ef8d8ce8992df33d8b8cf4aebabd5bd270-113","0xe18fc96ba325ef22746ada9a82d521845a2c16f8","hideo"
"0xa7d8d9ef8d8ce8992df33d8b8cf4aebabd5bd270-114","0xe88046be7445f9c21a3062131c166b45fb156110","Alida Sun"
"0xa7d8d9ef8d8ce8992df33d8b8cf4aebabd5bd270-115","0x07911f74c5ef0ce80c57ebbf52033774055baa0c","TheElephantNL"
"0xa7d8d9ef8d8ce8992df33d8b8cf4aebabd5bd270-116","0x44a1e2883f1e599664e511e6c1c7cc72d846f5fc","RVig"
"0xa7d8d9ef8d8ce8992df33d8b8cf4aebabd5bd270-117","0x87f669c0ee22c42be261dd74143e716748ba11ba","Jason Ting x Matt Bilfield"
"0xa7d8d9ef8d8ce8992df33d8b8cf4aebabd5bd270-118","0x4bf3805b23c99f8e0a5797e86fd0232a04a2a629","Mitchell F. Chan"
"0xa7d8d9ef8d8ce8992df33d8b8cf4aebabd5bd270-119","0x129eb023b2f879b4c7dc4b19e7877bda35789773","Joshua Bagley"
"0xa7d8d9ef8d8ce8992df33d8b8cf4aebabd5bd270-12","0xb033daedca113b0386eb3e8f4c72c79fc50ae32e","Zeblocks"
"0xa7d8d9ef8d8ce8992df33d8b8cf4aebabd5bd270-120","0x0f441cfad93287109f5ef834bf52f4aaaa8d8ffa","Rafaël Rozendaal"
"0xa7d8d9ef8d8ce8992df33d8b8cf4aebabd5bd270-121","0x161b79d4e135693361cb42b6a3e8067c8c34e744","Stefano Contiero"
"0xa7d8d9ef8d8ce8992df33d8b8cf4aebabd5bd270-122","0x93f7cb21d6904492b33e0df24008c8b13ce64380","Hevey"
"0xa7d8d9ef8d8ce8992df33d8b8cf4aebabd5bd270-123","0xfa0bf8ed3b94033129e061c968b3ec290c1d9e33","Hjalmar Åström"
"0xa7d8d9ef8d8ce8992df33d8b8cf4aebabd5bd270-124","0xda8457bcc1096b4c66316b0a40c165d681bf244c","nonfigurativ"
"0xa7d8d9ef8d8ce8992df33d8b8cf4aebabd5bd270-125","0xf359de2378bf25373a33a64e1f9b257673e3320c","steen & n-e-o"
"0xa7d8d9ef8d8ce8992df33d8b8cf4aebabd5bd270-126","0x65bd6a518c0d58d314034d519ce69b3e05a806e4","WAWAA"
"0xa7d8d9ef8d8ce8992df33d8b8cf4aebabd5bd270-127","0x51582e2c703b0d7c745c6a4ae0336c98c3c41802","Eliya Stein"
"0xa7d8d9ef8d8ce8992df33d8b8cf4aebabd5bd270-128","0xb783cd9f3e74d52b320904292e0fbe720d333d97",""
"0xa7d8d9ef8d8ce8992df33d8b8cf4aebabd5bd270-129","0xe452517f920950b5977bdc0387bedbe5253954c2","Darien Brito"
"0xa7d8d9ef8d8ce8992df33d8b8cf4aebabd5bd270-13","0xe0753cfcabb86c2828b79a3ddd4faf6af0db0eb4","Dmitri Cherniak"
"0xa7d8d9ef8d8ce8992df33d8b8cf4aebabd5bd270-130","0x2776621ff536af829919ab6cba8db434aeba43f9","Alexis André"
"0xa7d8d9ef8d8ce8992df33d8b8cf4aebabd5bd270-131","0xb783cd9f3e74d52b320904292e0fbe720d333d97","William Tan"
"0xa7d8d9ef8d8ce8992df33d8b8cf4aebabd5bd270-132","0xac80dc4112f7757c05d65c773e0803ae8af7b834","Superblob"
"0xa7d8d9ef8d8ce8992df33d8b8cf4aebabd5bd270-133","0xfbc78f494ad61d90f02a3258e527de1321095acb","Joshua Davis / PrayStation"
"0xa7d8d9ef8d8ce8992df33d8b8cf4aebabd5bd270-134","0xbd3527f0c0f6bd513f0a1560fc0108a291c82806","luxpris"
"0xa7d8d9ef8d8ce8992df33d8b8cf4aebabd5bd270-135","0x12c0a19094a79feb81ee74501e67e3215b53b7dc","Matty Mariansky"
"0xa7d8d9ef8d8ce8992df33d8b8cf4aebabd5bd270-136","0xb2a2d7eee0f6d9e0465d18e3ebdc7a3a78612cc0","Alexander Reben"
"0xa7d8d9ef8d8ce8992df33d8b8cf4aebabd5bd270-137","0x4666fd1f89576e2d6fb3f2ecec5eefd3e1ba6b59","Shvembldr"
"0xa7d8d9ef8d8ce8992df33d8b8cf4aebabd5bd270-138","0x9eef6bcbff2b8a77869597842b09ac9d401811b5","Rich Lord"
"0xa7d8d9ef8d8ce8992df33d8b8cf4aebabd5bd270-139","0x7e6d4810ea233d7588e3675d704571e29c4bcbba","Radix"
"0xa7d8d9ef8d8ce8992df33d8b8cf4aebabd5bd270-14","0x5f127b4323c0061768976ad34a1a2beb9db19886","pxlq"
"0xa7d8d9ef8d8ce8992df33d8b8cf4aebabd5bd270-140","0x1f5743df7c907a74c8cc28fe0e27c575830ac6a6","Aluan Wang"
"0xa7d8d9ef8d8ce8992df33d8b8cf4aebabd5bd270-141","0x5a77b2d05afb67eacd8f9c7e98692dd1e2883cb3","Thomas Lin Pedersen"
"0xa7d8d9ef8d8ce8992df33d8b8cf4aebabd5bd270-142","0x9441295f5a5f77c090ae106f6724510f07fc4bca","k0ch"
"0xa7d8d9ef8d8ce8992df33d8b8cf4aebabd5bd270-143","0x7f5a0a6847fd0fa05c13cbc02f435047b429e37c","Loren Bednar"
"0xa7d8d9ef8d8ce8992df33d8b8cf4aebabd5bd270-144","0xa3e51498579db0f7bb1ec9e3093b2f44158e25a5","sgt_slaughtermelon & Tartaria Archivist"
"0xa7d8d9ef8d8ce8992df33d8b8cf4aebabd5bd270-145","0xb033daedca113b0386eb3e8f4c72c79fc50ae32e","Zeblocks"
"0xa7d8d9ef8d8ce8992df33d8b8cf4aebabd5bd270-146","0x7d42611012fdbe366bf4a0481fc0e1abf15e245a","Jeff Davis"
"0xa7d8d9ef8d8ce8992df33d8b8cf4aebabd5bd270-147","0x32f848b9436f6400e5fa1fd46e9b96f4541c0966","Anna Carreras"
"0xa7d8d9ef8d8ce8992df33d8b8cf4aebabd5bd270-148","0xc5e08104c19dafd00fe40737490da9552db5bfe5","berk"
"0xa7d8d9ef8d8ce8992df33d8b8cf4aebabd5bd270-149","0xd6dd6961d3224958fcd306b76a991ab974ec1ebc","Jake Rockland"
"0xa7d8d9ef8d8ce8992df33d8b8cf4aebabd5bd270-15","0x3f870d006185cb649c3261013fd86cc89b762f1e","ge1doot"
"0xa7d8d9ef8d8ce8992df33d8b8cf4aebabd5bd270-150","0xd1a8e61252db6ed86633e536be445c6f4296d875","wuwa"
"0xa7d8d9ef8d8ce8992df33d8b8cf4aebabd5bd270-151","0x707502591380bcfa98175486a38c15ce90e82097","Artem Verkhovskiy x Andy Shaw"
"0xa7d8d9ef8d8ce8992df33d8b8cf4aebabd5bd270-152","0x47144372eb383466d18fc91db9cd0396aa6c87a4","Steve Pikelny"
"0xa7d8d9ef8d8ce8992df33d8b8cf4aebabd5bd270-153","0xc2d9e788980f9183356e5dcad1f7a457eaf8068e","Vamoss"
"0xa7d8d9ef8d8ce8992df33d8b8cf4aebabd5bd270-154","0x5706542bb1e2ea5a10f820ea9e23aefce4858629","espina"
"0xa7d8d9ef8d8ce8992df33d8b8cf4aebabd5bd270-155","0x842a0bd434377f771770f2870961bc49742d9435",""
"0xa7d8d9ef8d8ce8992df33d8b8cf4aebabd5bd270-156","0x65de6475258e3736e5c7d502d2c0a45710c9ec37","r4v3n"
"0xa7d8d9ef8d8ce8992df33d8b8cf4aebabd5bd270-157","0x35f64560c51c8772f75186a8931929589b7c8d80","Beervangeer"
"0xa7d8d9ef8d8ce8992df33d8b8cf4aebabd5bd270-158","0xec35bd10c93baad1155390e8bc3452af0b806564","Roman Janajev"
"0xa7d8d9ef8d8ce8992df33d8b8cf4aebabd5bd270-159","0xdcf4de0cd2bad3579ede845fd5c3442b6c8f9ddc","Monica Rizzolli"
"0xa7d8d9ef8d8ce8992df33d8b8cf4aebabd5bd270-16","0x7d42611012fdbe366bf4a0481fc0e1abf15e245a","Jeff Davis"
"0xa7d8d9ef8d8ce8992df33d8b8cf4aebabd5bd270-160","0x842a0bd434377f771770f2870961bc49742d9435","Marcin Ignac"
"0xa7d8d9ef8d8ce8992df33d8b8cf4aebabd5bd270-161","0xadc1d4b58f8c867be281fd5fb164bf4f6db66c2c","john provencher"
"0xa7d8d9ef8d8ce8992df33d8b8cf4aebabd5bd270-162","0xecc6043947fd65a7ba93e755d42594c7c7bc2cdb","Generative Artworks"
"0xa7d8d9ef8d8ce8992df33d8b8cf4aebabd5bd270-163","0xcab81f14a3fc98034a05bab30f8d0e53e978c833","Matt DesLauriers"
"0xa7d8d9ef8d8ce8992df33d8b8cf4aebabd5bd270-164","0x457ee5f723c7606c12a7264b52e285906f91eea6","Casey REAS"
"0xa7d8d9ef8d8ce8992df33d8b8cf4aebabd5bd270-165","0x60c38a49a6ee0b33f7ad559ca90800710da90766","Jimmy Herdberg"
"0xa7d8d9ef8d8ce8992df33d8b8cf4aebabd5bd270-166","0xd0c3339848fb597abd46fa650e3e411715f0bfb8","Shane Rich | raregonzo"
"0xa7d8d9ef8d8ce8992df33d8b8cf4aebabd5bd270-167","0xf565d79c35758c752d3debfdd380d4eb16a3c6e3","NumbersInMotion"
"0xa7d8d9ef8d8ce8992df33d8b8cf4aebabd5bd270-168","0x51fff465eafe02c91ac29a65d4071badf1b79543","Blockchance"
"0xa7d8d9ef8d8ce8992df33d8b8cf4aebabd5bd270-169","0x529d928c7debb7a16a291a1ba3a84a4a0dbb5289","toiminto"
"0xa7d8d9ef8d8ce8992df33d8b8cf4aebabd5bd270-17","0x911463faacb3d0153522e768ee47dc0d6ad5dc5c","Simon De Mai"
"0xa7d8d9ef8d8ce8992df33d8b8cf4aebabd5bd270-170","0x7d8d846f24ce0d2c69fcf557edb92f4f8f9aebc1","Paweł Dudko"
"0xa7d8d9ef8d8ce8992df33d8b8cf4aebabd5bd270-171","0x0c192889c5a96fb5a541df829b5233b9df3418e6","Sarah Ridgley"
"0xa7d8d9ef8d8ce8992df33d8b8cf4aebabd5bd270-172","0x92fb249865ae0d26120031868ba07434674a1600","Aaron Penne x Boreta"
"0xa7d8d9ef8d8ce8992df33d8b8cf4aebabd5bd270-173","0x9546c0f8260cc1560a0db625ea4eec1a823866ac","Piter Pasma"
"0xa7d8d9ef8d8ce8992df33d8b8cf4aebabd5bd270-174","0x439f64293716d6778c0c7ffd10e1ebdd33d63672","Ryan Struhl"
"0xa7d8d9ef8d8ce8992df33d8b8cf4aebabd5bd270-175","0x5e8a9afad6225118ed0f4c1fe944924262fe61c4","ixnayokay"
"0xa7d8d9ef8d8ce8992df33d8b8cf4aebabd5bd270-176","0xe00712086490734ef8b4d72839a7237e505767f5","Zach Lieberman"
"0xa7d8d9ef8d8ce8992df33d8b8cf4aebabd5bd270-177","0xe394104f0871b6f1fd46b2de688c3ea6f4cc84dd","Mark Cotton"
"0xa7d8d9ef8d8ce8992df33d8b8cf4aebabd5bd270-178","0x8bb1a6245603a30eb5b3bf51c369089927979a5f","Ryan Green"
"0xa7d8d9ef8d8ce8992df33d8b8cf4aebabd5bd270-179","0x01cb023186cab05220554ee75b4d69921dd051f1","Bård Ionson"
"0xa7d8d9ef8d8ce8992df33d8b8cf4aebabd5bd270-18","0x745cfab7b52a45cdb75bdbcdb6e4562ef25f166b","DCA"
"0xa7d8d9ef8d8ce8992df33d8b8cf4aebabd5bd270-180","0xe18fc96ba325ef22746ada9a82d521845a2c16f8","hideo"
"0xa7d8d9ef8d8ce8992df33d8b8cf4aebabd5bd270-181","0x983f10b69c6c8d72539750786911359619df313d","Matto"
"0xa7d8d9ef8d8ce8992df33d8b8cf4aebabd5bd270-182","0xc7cf7edd6ea7aac57db1929d74a013366cacf0df","last even"
"0xa7d8d9ef8d8ce8992df33d8b8cf4aebabd5bd270-183","0xf429690d7f1b2ef1dd77c150831f4367e366aeac","Owen Moore"
"0xa7d8d9ef8d8ce8992df33d8b8cf4aebabd5bd270-184","0x54fcfccdcaabd65e107a33edfc0e83ee2c621ec0","Eltono"
"0xa7d8d9ef8d8ce8992df33d8b8cf4aebabd5bd270-185","0xf48e3a3bcca259005527f395c4080cd68a80a0fe","LIA"
"0xa7d8d9ef8d8ce8992df33d8b8cf4aebabd5bd270-186","0x298c75883ffe510dad92e5a0ecca9bcc8d77c013",""
